{
    "count": 673,
    "next": null,
    "previous": null,
    "results": [
        {
            "name": "canalave-city",
            "url": "http://localhost/api/v2/location/1/"
        },
        {
            "name": "eterna-city",
            "url": "http://localhost/api/v2/location/2/"
        },
        {
            "name": "pastoria-city",
            "url": "http://localhost/api/v2/location/3/"
        },
        {
            "name": "sunyshore-city",
            "url": "http://localhost/api/v2/location/4/"
        },
        {
            "name": "sinnoh-pokemon-league",
            "url": "http://localhost/api/v2/location/5/"
        },
        {
            "name": "oreburgh-mine",
            "url": "http://localhost/api/v2/location/6/"
        },
        {
            "name": "valley-windworks",
            "url": "http://localhost/api/v2/location/7/"
        },
        {
            "name": "eterna-forest",
            "url": "http://localhost/api/v2/location/8/"
        },
        {
            "name": "fuego-ironworks",
            "url": "http://localhost/api/v2/location/9/"
        },
        {
            "name": "mt-coronet",
            "url": "http://localhost/api/v2/location/10/"
        },
        {
            "name": "great-marsh",
            "url": "http://localhost/api/v2/location/11/"
        },
        {
            "name": "solaceon-ruins",
            "url": "http://localhost/api/v2/location/12/"
        },
        {
            "name": "sinnoh-victory-road",
            "url": "http://localhost/api/v2/location/13/"
        },
        {
            "name": "ravaged-path",
            "url": "http://localhost/api/v2/location/14/"
        },
        {
            "name": "oreburgh-gate",
            "url": "http://localhost/api/v2/location/15/"
        },
        {
            "name": "stark-mountain",
            "url": "http://localhost/api/v2/location/16/"
        },
        {
            "name": "spring-path",
            "url": "http://localhost/api/v2/location/17/"
        },
        {
            "name": "turnback-cave",
            "url": "http://localhost/api/v2/location/18/"
        },
        {
            "name": "snowpoint-temple",
            "url": "http://localhost/api/v2/location/19/"
        },
        {
            "name": "wayward-cave",
            "url": "http://localhost/api/v2/location/20/"
        },
        {
            "name": "ruin-maniac-cave",
            "url": "http://localhost/api/v2/location/22/"
        },
        {
            "name": "trophy-garden",
            "url": "http://localhost/api/v2/location/23/"
        },
        {
            "name": "iron-island",
            "url": "http://localhost/api/v2/location/24/"
        },
        {
            "name": "old-chateau",
            "url": "http://localhost/api/v2/location/25/"
        },
        {
            "name": "lake-verity",
            "url": "http://localhost/api/v2/location/26/"
        },
        {
            "name": "lake-valor",
            "url": "http://localhost/api/v2/location/27/"
        },
        {
            "name": "lake-acuity",
            "url": "http://localhost/api/v2/location/28/"
        },
        {
            "name": "valor-lakefront",
            "url": "http://localhost/api/v2/location/29/"
        },
        {
            "name": "acuity-lakefront",
            "url": "http://localhost/api/v2/location/30/"
        },
        {
            "name": "sinnoh-route-201",
            "url": "http://localhost/api/v2/location/31/"
        },
        {
            "name": "sinnoh-route-202",
            "url": "http://localhost/api/v2/location/32/"
        },
        {
            "name": "sinnoh-route-203",
            "url": "http://localhost/api/v2/location/33/"
        },
        {
            "name": "sinnoh-route-204",
            "url": "http://localhost/api/v2/location/34/"
        },
        {
            "name": "sinnoh-route-205",
            "url": "http://localhost/api/v2/location/35/"
        },
        {
            "name": "sinnoh-route-206",
            "url": "http://localhost/api/v2/location/36/"
        },
        {
            "name": "sinnoh-route-207",
            "url": "http://localhost/api/v2/location/37/"
        },
        {
            "name": "sinnoh-route-208",
            "url": "http://localhost/api/v2/location/38/"
        },
        {
            "name": "sinnoh-route-209",
            "url": "http://localhost/api/v2/location/39/"
        },
        {
            "name": "lost-tower",
            "url": "http://localhost/api/v2/location/40/"
        },
        {
            "name": "sinnoh-route-210",
            "url": "http://localhost/api/v2/location/41/"
        },
        {
            "name": "sinnoh-route-211",
            "url": "http://localhost/api/v2/location/42/"
        },
        {
            "name": "sinnoh-route-212",
            "url": "http://localhost/api/v2/location/43/"
        },
        {
            "name": "sinnoh-route-213",
            "url": "http://localhost/api/v2/location/44/"
        },
        {
            "name": "sinnoh-route-214",
            "url": "http://localhost/api/v2/location/45/"
        },
        {
            "name": "sinnoh-route-215",
            "url": "http://localhost/api/v2/location/46/"
        },
        {
            "name": "sinnoh-route-216",
            "url": "http://localhost/api/v2/location/47/"
        },
        {
            "name": "sinnoh-route-217",
            "url": "http://localhost/api/v2/location/48/"
        },
        {
            "name": "sinnoh-route-218",
            "url": "http://localhost/api/v2/location/49/"
        },
        {
            "name": "sinnoh-route-219",
            "url": "http://localhost/api/v2/location/50/"
        },
        {
            "name": "sinnoh-route-221",
            "url": "http://localhost/api/v2/location/51/"
        },
        {
            "name": "sinnoh-route-222",
            "url": "http://localhost/api/v2/location/52/"
        },
        {
            "name": "sinnoh-route-224",
            "url": "http://localhost/api/v2/location/53/"
        },
        {
            "name": "sinnoh-route-225",
            "url": "http://localhost/api/v2/location/54/"
        },
        {
            "name": "sinnoh-route-227",
            "url": "http://localhost/api/v2/location/55/"
        },
        {
            "name": "sinnoh-route-228",
            "url": "http://localhost/api/v2/location/56/"
        },
        {
            "name": "sinnoh-route-229",
            "url": "http://localhost/api/v2/location/57/"
        },
        {
            "name": "twinleaf-town",
            "url": "http://localhost/api/v2/location/58/"
        },
        {
            "name": "celestic-town",
            "url": "http://localhost/api/v2/location/59/"
        },
        {
            "name": "resort-area",
            "url": "http://localhost/api/v2/location/60/"
        },
        {
            "name": "sinnoh-sea-route-220",
            "url": "http://localhost/api/v2/location/61/"
        },
        {
            "name": "sinnoh-sea-route-223",
            "url": "http://localhost/api/v2/location/62/"
        },
        {
            "name": "sinnoh-sea-route-226",
            "url": "http://localhost/api/v2/location/63/"
        },
        {
            "name": "sinnoh-sea-route-230",
            "url": "http://localhost/api/v2/location/64/"
        },
        {
            "name": "blackthorn-city",
            "url": "http://localhost/api/v2/location/65/"
        },
        {
            "name": "burned-tower",
            "url": "http://localhost/api/v2/location/66/"
        },
        {
            "name": "celadon-city",
            "url": "http://localhost/api/v2/location/67/"
        },
        {
            "name": "cerulean-city",
            "url": "http://localhost/api/v2/location/68/"
        },
        {
            "name": "cherrygrove-city",
            "url": "http://localhost/api/v2/location/69/"
        },
        {
            "name": "cianwood-city",
            "url": "http://localhost/api/v2/location/70/"
        },
        {
            "name": "cinnabar-island",
            "url": "http://localhost/api/v2/location/71/"
        },
        {
            "name": "dark-cave",
            "url": "http://localhost/api/v2/location/72/"
        },
        {
            "name": "digletts-cave",
            "url": "http://localhost/api/v2/location/73/"
        },
        {
            "name": "dragons-den",
            "url": "http://localhost/api/v2/location/74/"
        },
        {
            "name": "ecruteak-city",
            "url": "http://localhost/api/v2/location/75/"
        },
        {
            "name": "fuchsia-city",
            "url": "http://localhost/api/v2/location/76/"
        },
        {
            "name": "ice-path",
            "url": "http://localhost/api/v2/location/77/"
        },
        {
            "name": "ilex-forest",
            "url": "http://localhost/api/v2/location/78/"
        },
        {
            "name": "lake-of-rage",
            "url": "http://localhost/api/v2/location/79/"
        },
        {
            "name": "mt-moon",
            "url": "http://localhost/api/v2/location/80/"
        },
        {
            "name": "mt-mortar",
            "url": "http://localhost/api/v2/location/81/"
        },
        {
            "name": "mt-silver",
            "url": "http://localhost/api/v2/location/82/"
        },
        {
            "name": "national-park",
            "url": "http://localhost/api/v2/location/83/"
        },
        {
            "name": "new-bark-town",
            "url": "http://localhost/api/v2/location/84/"
        },
        {
            "name": "olivine-city",
            "url": "http://localhost/api/v2/location/85/"
        },
        {
            "name": "pallet-town",
            "url": "http://localhost/api/v2/location/86/"
        },
        {
            "name": "rock-tunnel",
            "url": "http://localhost/api/v2/location/87/"
        },
        {
            "name": "kanto-route-1",
            "url": "http://localhost/api/v2/location/88/"
        },
        {
            "name": "kanto-route-10",
            "url": "http://localhost/api/v2/location/89/"
        },
        {
            "name": "kanto-route-11",
            "url": "http://localhost/api/v2/location/90/"
        },
        {
            "name": "kanto-route-12",
            "url": "http://localhost/api/v2/location/91/"
        },
        {
            "name": "kanto-route-13",
            "url": "http://localhost/api/v2/location/92/"
        },
        {
            "name": "kanto-route-14",
            "url": "http://localhost/api/v2/location/93/"
        },
        {
            "name": "kanto-route-15",
            "url": "http://localhost/api/v2/location/94/"
        },
        {
            "name": "kanto-route-16",
            "url": "http://localhost/api/v2/location/95/"
        },
        {
            "name": "kanto-route-17",
            "url": "http://localhost/api/v2/location/96/"
        },
        {
            "name": "kanto-route-18",
            "url": "http://localhost/api/v2/location/97/"
        },
        {
            "name": "kanto-sea-route-19",
            "url": "http://localhost/api/v2/location/98/"
        },
        {
            "name": "kanto-route-2",
            "url": "http://localhost/api/v2/location/99/"
        },
        {
            "name": "kanto-sea-route-20",
            "url": "http://localhost/api/v2/location/100/"
        },
        {
            "name": "kanto-sea-route-21",
            "url": "http://localhost/api/v2/location/101/"
        },
        {
            "name": "kanto-route-22",
            "url": "http://localhost/api/v2/location/102/"
        },
        {
            "name": "kanto-route-24",
            "url": "http://localhost/api/v2/location/103/"
        },
        {
            "name": "kanto-route-25",
            "url": "http://localhost/api/v2/location/104/"
        },
        {
            "name": "kanto-route-26",
            "url": "http://localhost/api/v2/location/105/"
        },
        {
            "name": "kanto-route-27",
            "url": "http://localhost/api/v2/location/106/"
        },
        {
            "name": "kanto-route-28",
            "url": "http://localhost/api/v2/location/107/"
        },
        {
            "name": "johto-route-29",
            "url": "http://localhost/api/v2/location/108/"
        },
        {
            "name": "kanto-route-3",
            "url": "http://localhost/api/v2/location/109/"
        },
        {
            "name": "johto-route-30",
            "url": "http://localhost/api/v2/location/110/"
        },
        {
            "name": "johto-route-31",
            "url": "http://localhost/api/v2/location/111/"
        },
        {
            "name": "johto-route-32",
            "url": "http://localhost/api/v2/location/112/"
        },
        {
            "name": "johto-route-33",
            "url": "http://localhost/api/v2/location/113/"
        },
        {
            "name": "johto-route-34",
            "url": "http://localhost/api/v2/location/114/"
        },
        {
            "name": "johto-route-35",
            "url": "http://localhost/api/v2/location/115/"
        },
        {
            "name": "johto-route-36",
            "url": "http://localhost/api/v2/location/116/"
        },
        {
            "name": "johto-route-37",
            "url": "http://localhost/api/v2/location/117/"
        },
        {
            "name": "johto-route-38",
            "url": "http://localhost/api/v2/location/118/"
        },
        {
            "name": "johto-route-39",
            "url": "http://localhost/api/v2/location/119/"
        },
        {
            "name": "kanto-route-4",
            "url": "http://localhost/api/v2/location/120/"
        },
        {
            "name": "johto-sea-route-40",
            "url": "http://localhost/api/v2/location/121/"
        },
        {
            "name": "johto-sea-route-41",
            "url": "http://localhost/api/v2/location/122/"
        },
        {
            "name": "johto-route-42",
            "url": "http://localhost/api/v2/location/123/"
        },
        {
            "name": "johto-route-43",
            "url": "http://localhost/api/v2/location/124/"
        },
        {
            "name": "johto-route-44",
            "url": "http://localhost/api/v2/location/125/"
        },
        {
            "name": "johto-route-45",
            "url": "http://localhost/api/v2/location/126/"
        },
        {
            "name": "johto-route-46",
            "url": "http://localhost/api/v2/location/127/"
        },
        {
            "name": "johto-route-47",
            "url": "http://localhost/api/v2/location/128/"
        },
        {
            "name": "johto-route-48",
            "url": "http://localhost/api/v2/location/129/"
        },
        {
            "name": "kanto-route-5",
            "url": "http://localhost/api/v2/location/130/"
        },
        {
            "name": "kanto-route-6",
            "url": "http://localhost/api/v2/location/131/"
        },
        {
            "name": "kanto-route-7",
            "url": "http://localhost/api/v2/location/132/"
        },
        {
            "name": "kanto-route-8",
            "url": "http://localhost/api/v2/location/133/"
        },
        {
            "name": "kanto-route-9",
            "url": "http://localhost/api/v2/location/134/"
        },
        {
            "name": "ruins-of-alph",
            "url": "http://localhost/api/v2/location/135/"
        },
        {
            "name": "seafoam-islands",
            "url": "http://localhost/api/v2/location/136/"
        },
        {
            "name": "slowpoke-well",
            "url": "http://localhost/api/v2/location/137/"
        },
        {
            "name": "sprout-tower",
            "url": "http://localhost/api/v2/location/138/"
        },
        {
            "name": "bell-tower",
            "url": "http://localhost/api/v2/location/139/"
        },
        {
            "name": "tohjo-falls",
            "url": "http://localhost/api/v2/location/140/"
        },
        {
            "name": "union-cave",
            "url": "http://localhost/api/v2/location/141/"
        },
        {
            "name": "cerulean-cave",
            "url": "http://localhost/api/v2/location/147/"
        },
        {
            "name": "unknown-all-poliwag",
            "url": "http://localhost/api/v2/location/148/"
        },
        {
            "name": "unknown-all-rattata",
            "url": "http://localhost/api/v2/location/149/"
        },
        {
            "name": "unknown-all-bugs",
            "url": "http://localhost/api/v2/location/150/"
        },
        {
            "name": "vermilion-city",
            "url": "http://localhost/api/v2/location/151/"
        },
        {
            "name": "kanto-victory-road-1",
            "url": "http://localhost/api/v2/location/152/"
        },
        {
            "name": "violet-city",
            "url": "http://localhost/api/v2/location/153/"
        },
        {
            "name": "viridian-city",
            "url": "http://localhost/api/v2/location/154/"
        },
        {
            "name": "viridian-forest",
            "url": "http://localhost/api/v2/location/155/"
        },
        {
            "name": "whirl-islands",
            "url": "http://localhost/api/v2/location/156/"
        },
        {
            "name": "kanto-route-23",
            "url": "http://localhost/api/v2/location/157/"
        },
        {
            "name": "power-plant",
            "url": "http://localhost/api/v2/location/158/"
        },
        {
            "name": "kanto-victory-road-2",
            "url": "http://localhost/api/v2/location/159/"
        },
        {
            "name": "pokemon-tower",
            "url": "http://localhost/api/v2/location/160/"
        },
        {
            "name": "pokemon-mansion",
            "url": "http://localhost/api/v2/location/161/"
        },
        {
            "name": "kanto-safari-zone",
            "url": "http://localhost/api/v2/location/162/"
        },
        {
            "name": "sandgem-town",
            "url": "http://localhost/api/v2/location/163/"
        },
        {
            "name": "floaroma-town",
            "url": "http://localhost/api/v2/location/164/"
        },
        {
            "name": "solaceon-town",
            "url": "http://localhost/api/v2/location/165/"
        },
        {
            "name": "jubilife-city",
            "url": "http://localhost/api/v2/location/167/"
        },
        {
            "name": "oreburgh-city",
            "url": "http://localhost/api/v2/location/168/"
        },
        {
            "name": "hearthome-city",
            "url": "http://localhost/api/v2/location/169/"
        },
        {
            "name": "veilstone-city",
            "url": "http://localhost/api/v2/location/170/"
        },
        {
            "name": "snowpoint-city",
            "url": "http://localhost/api/v2/location/171/"
        },
        {
            "name": "spear-pillar",
            "url": "http://localhost/api/v2/location/172/"
        },
        {
            "name": "pal-park",
            "url": "http://localhost/api/v2/location/173/"
        },
        {
            "name": "amity-square",
            "url": "http://localhost/api/v2/location/174/"
        },
        {
            "name": "floaroma-meadow",
            "url": "http://localhost/api/v2/location/175/"
        },
        {
            "name": "fullmoon-island",
            "url": "http://localhost/api/v2/location/177/"
        },
        {
            "name": "sendoff-spring",
            "url": "http://localhost/api/v2/location/178/"
        },
        {
            "name": "flower-paradise",
            "url": "http://localhost/api/v2/location/179/"
        },
        {
            "name": "maniac-tunnel",
            "url": "http://localhost/api/v2/location/180/"
        },
        {
            "name": "galactic-hq",
            "url": "http://localhost/api/v2/location/181/"
        },
        {
            "name": "verity-lakefront",
            "url": "http://localhost/api/v2/location/182/"
        },
        {
            "name": "newmoon-island",
            "url": "http://localhost/api/v2/location/183/"
        },
        {
            "name": "sinnoh-battle-tower",
            "url": "http://localhost/api/v2/location/184/"
        },
        {
            "name": "fight-area",
            "url": "http://localhost/api/v2/location/185/"
        },
        {
            "name": "survival-area",
            "url": "http://localhost/api/v2/location/186/"
        },
        {
            "name": "seabreak-path",
            "url": "http://localhost/api/v2/location/187/"
        },
        {
            "name": "sinnoh-hall-of-origin-1",
            "url": "http://localhost/api/v2/location/188/"
        },
        {
            "name": "sinnoh-hall-of-origin-2",
            "url": "http://localhost/api/v2/location/189/"
        },
        {
            "name": "verity-cavern",
            "url": "http://localhost/api/v2/location/190/"
        },
        {
            "name": "valor-cavern",
            "url": "http://localhost/api/v2/location/191/"
        },
        {
            "name": "acuity-cavern",
            "url": "http://localhost/api/v2/location/192/"
        },
        {
            "name": "jubilife-tv",
            "url": "http://localhost/api/v2/location/193/"
        },
        {
            "name": "poketch-co",
            "url": "http://localhost/api/v2/location/194/"
        },
        {
            "name": "gts",
            "url": "http://localhost/api/v2/location/195/"
        },
        {
            "name": "trainers-school",
            "url": "http://localhost/api/v2/location/196/"
        },
        {
            "name": "mining-museum",
            "url": "http://localhost/api/v2/location/197/"
        },
        {
            "name": "sinnoh-flower-shop",
            "url": "http://localhost/api/v2/location/198/"
        },
        {
            "name": "sinnoh-cycle-shop",
            "url": "http://localhost/api/v2/location/199/"
        },
        {
            "name": "contest-hall",
            "url": "http://localhost/api/v2/location/200/"
        },
        {
            "name": "poffin-house",
            "url": "http://localhost/api/v2/location/201/"
        },
        {
            "name": "sinnoh-foreign-building",
            "url": "http://localhost/api/v2/location/202/"
        },
        {
            "name": "pokemon-day-care",
            "url": "http://localhost/api/v2/location/203/"
        },
        {
            "name": "veilstone-store",
            "url": "http://localhost/api/v2/location/204/"
        },
        {
            "name": "sinnoh-game-corner",
            "url": "http://localhost/api/v2/location/205/"
        },
        {
            "name": "canalave-library",
            "url": "http://localhost/api/v2/location/206/"
        },
        {
            "name": "vista-lighthouse",
            "url": "http://localhost/api/v2/location/207/"
        },
        {
            "name": "sunyshore-market",
            "url": "http://localhost/api/v2/location/208/"
        },
        {
            "name": "footstep-house",
            "url": "http://localhost/api/v2/location/209/"
        },
        {
            "name": "sinnoh-cafe",
            "url": "http://localhost/api/v2/location/210/"
        },
        {
            "name": "grand-lake",
            "url": "http://localhost/api/v2/location/211/"
        },
        {
            "name": "sinnoh-restaurant",
            "url": "http://localhost/api/v2/location/212/"
        },
        {
            "name": "battle-park",
            "url": "http://localhost/api/v2/location/213/"
        },
        {
            "name": "battle-frontier",
            "url": "http://localhost/api/v2/location/214/"
        },
        {
            "name": "battle-factory",
            "url": "http://localhost/api/v2/location/215/"
        },
        {
            "name": "battle-castle",
            "url": "http://localhost/api/v2/location/216/"
        },
        {
            "name": "battle-arcade",
            "url": "http://localhost/api/v2/location/217/"
        },
        {
            "name": "battle-hall",
            "url": "http://localhost/api/v2/location/218/"
        },
        {
            "name": "distortion-world",
            "url": "http://localhost/api/v2/location/219/"
        },
        {
            "name": "sinnoh-global-terminal",
            "url": "http://localhost/api/v2/location/220/"
        },
        {
            "name": "sinnoh-villa",
            "url": "http://localhost/api/v2/location/221/"
        },
        {
            "name": "battleground",
            "url": "http://localhost/api/v2/location/222/"
        },
        {
            "name": "rotoms-room",
            "url": "http://localhost/api/v2/location/223/"
        },
        {
            "name": "tg-eterna-bldg",
            "url": "http://localhost/api/v2/location/224/"
        },
        {
            "name": "iron-ruins",
            "url": "http://localhost/api/v2/location/225/"
        },
        {
            "name": "iceberg-ruins",
            "url": "http://localhost/api/v2/location/226/"
        },
        {
            "name": "rock-peak-ruins",
            "url": "http://localhost/api/v2/location/227/"
        },
        {
            "name": "azalea-town",
            "url": "http://localhost/api/v2/location/228/"
        },
        {
            "name": "goldenrod-city",
            "url": "http://localhost/api/v2/location/229/"
        },
        {
            "name": "mahogany-town",
            "url": "http://localhost/api/v2/location/230/"
        },
        {
            "name": "pewter-city",
            "url": "http://localhost/api/v2/location/231/"
        },
        {
            "name": "lavender-town",
            "url": "http://localhost/api/v2/location/232/"
        },
        {
            "name": "indigo-plateau",
            "url": "http://localhost/api/v2/location/233/"
        },
        {
            "name": "saffron-city",
            "url": "http://localhost/api/v2/location/234/"
        },
        {
            "name": "johto-lighthouse",
            "url": "http://localhost/api/v2/location/236/"
        },
        {
            "name": "team-rocket-hq",
            "url": "http://localhost/api/v2/location/237/"
        },
        {
            "name": "goldenrod-tunnel",
            "url": "http://localhost/api/v2/location/238/"
        },
        {
            "name": "mt-silver-cave",
            "url": "http://localhost/api/v2/location/239/"
        },
        {
            "name": "pokeathlon-dome",
            "url": "http://localhost/api/v2/location/241/"
        },
        {
            "name": "ss-aqua",
            "url": "http://localhost/api/v2/location/242/"
        },
        {
            "name": "safari-zone-gate",
            "url": "http://localhost/api/v2/location/243/"
        },
        {
            "name": "cliff-cave",
            "url": "http://localhost/api/v2/location/244/"
        },
        {
            "name": "frontier-access",
            "url": "http://localhost/api/v2/location/245/"
        },
        {
            "name": "bellchime-trail",
            "url": "http://localhost/api/v2/location/246/"
        },
        {
            "name": "sinjoh-ruins",
            "url": "http://localhost/api/v2/location/247/"
        },
        {
            "name": "embedded-tower",
            "url": "http://localhost/api/v2/location/248/"
        },
        {
            "name": "pokewalker",
            "url": "http://localhost/api/v2/location/249/"
        },
        {
            "name": "cliff-edge-gate",
            "url": "http://localhost/api/v2/location/250/"
        },
        {
            "name": "radio-tower",
            "url": "http://localhost/api/v2/location/252/"
        },
        {
            "name": "day-care-couple",
            "url": "http://localhost/api/v2/location/253/"
        },
        {
            "name": "link-trade-arrive",
            "url": "http://localhost/api/v2/location/254/"
        },
        {
            "name": "link-trade-met",
            "url": "http://localhost/api/v2/location/255/"
        },
        {
            "name": "kanto",
            "url": "http://localhost/api/v2/location/256/"
        },
        {
            "name": "johto",
            "url": "http://localhost/api/v2/location/257/"
        },
        {
            "name": "hoenn",
            "url": "http://localhost/api/v2/location/258/"
        },
        {
            "name": "sinnoh",
            "url": "http://localhost/api/v2/location/259/"
        },
        {
            "name": "distant-land",
            "url": "http://localhost/api/v2/location/260/"
        },
        {
            "name": "traveling-man",
            "url": "http://localhost/api/v2/location/261/"
        },
        {
            "name": "riley",
            "url": "http://localhost/api/v2/location/262/"
        },
        {
            "name": "cynthia",
            "url": "http://localhost/api/v2/location/263/"
        },
        {
            "name": "mystery-zone",
            "url": "http://localhost/api/v2/location/264/"
        },
        {
            "name": "lovely-place",
            "url": "http://localhost/api/v2/location/265/"
        },
        {
            "name": "pokemon-ranger",
            "url": "http://localhost/api/v2/location/266/"
        },
        {
            "name": "faraway-place",
            "url": "http://localhost/api/v2/location/267/"
        },
        {
            "name": "pokemon-movie",
            "url": "http://localhost/api/v2/location/268/"
        },
        {
            "name": "pokemon-movie-06",
            "url": "http://localhost/api/v2/location/269/"
        },
        {
            "name": "pokemon-movie-07",
            "url": "http://localhost/api/v2/location/270/"
        },
        {
            "name": "pokemon-movie-08",
            "url": "http://localhost/api/v2/location/271/"
        },
        {
            "name": "pokemon-movie-09",
            "url": "http://localhost/api/v2/location/272/"
        },
        {
            "name": "pokemon-movie-10",
            "url": "http://localhost/api/v2/location/273/"
        },
        {
            "name": "pokemon-movie-11",
            "url": "http://localhost/api/v2/location/274/"
        },
        {
            "name": "pokemon-movie-12",
            "url": "http://localhost/api/v2/location/275/"
        },
        {
            "name": "pokemon-movie-13",
            "url": "http://localhost/api/v2/location/276/"
        },
        {
            "name": "pokemon-movie-14",
            "url": "http://localhost/api/v2/location/277/"
        },
        {
            "name": "pokemon-movie-15",
            "url": "http://localhost/api/v2/location/278/"
        },
        {
            "name": "pokemon-movie-16",
            "url": "http://localhost/api/v2/location/279/"
        },
        {
            "name": "pokemon-cartoon",
            "url": "http://localhost/api/v2/location/280/"
        },
        {
            "name": "space-world",
            "url": "http://localhost/api/v2/location/281/"
        },
        {
            "name": "space-world-06",
            "url": "http://localhost/api/v2/location/282/"
        },
        {
            "name": "space-world-07",
            "url": "http://localhost/api/v2/location/283/"
        },
        {
            "name": "space-world-08",
            "url": "http://localhost/api/v2/location/284/"
        },
        {
            "name": "space-world-09",
            "url": "http://localhost/api/v2/location/285/"
        },
        {
            "name": "space-world-10",
            "url": "http://localhost/api/v2/location/286/"
        },
        {
            "name": "space-world-11",
            "url": "http://localhost/api/v2/location/287/"
        },
        {
            "name": "space-world-12",
            "url": "http://localhost/api/v2/location/288/"
        },
        {
            "name": "space-world-13",
            "url": "http://localhost/api/v2/location/289/"
        },
        {
            "name": "space-world-14",
            "url": "http://localhost/api/v2/location/290/"
        },
        {
            "name": "space-world-15",
            "url": "http://localhost/api/v2/location/291/"
        },
        {
            "name": "space-world-16",
            "url": "http://localhost/api/v2/location/292/"
        },
        {
            "name": "pokemon-festa",
            "url": "http://localhost/api/v2/location/293/"
        },
        {
            "name": "pokemon-festa-06",
            "url": "http://localhost/api/v2/location/294/"
        },
        {
            "name": "pokemon-festa-07",
            "url": "http://localhost/api/v2/location/295/"
        },
        {
            "name": "pokemon-festa-08",
            "url": "http://localhost/api/v2/location/296/"
        },
        {
            "name": "pokemon-festa-09",
            "url": "http://localhost/api/v2/location/297/"
        },
        {
            "name": "pokemon-festa-10",
            "url": "http://localhost/api/v2/location/298/"
        },
        {
            "name": "pokemon-festa-11",
            "url": "http://localhost/api/v2/location/299/"
        },
        {
            "name": "pokemon-festa-12",
            "url": "http://localhost/api/v2/location/300/"
        },
        {
            "name": "pokemon-festa-13",
            "url": "http://localhost/api/v2/location/301/"
        },
        {
            "name": "pokemon-festa-14",
            "url": "http://localhost/api/v2/location/302/"
        },
        {
            "name": "pokemon-festa-15",
            "url": "http://localhost/api/v2/location/303/"
        },
        {
            "name": "pokemon-festa-16",
            "url": "http://localhost/api/v2/location/304/"
        },
        {
            "name": "pokepark",
            "url": "http://localhost/api/v2/location/305/"
        },
        {
            "name": "pokepark-06",
            "url": "http://localhost/api/v2/location/306/"
        },
        {
            "name": "pokepark-07",
            "url": "http://localhost/api/v2/location/307/"
        },
        {
            "name": "pokepark-08",
            "url": "http://localhost/api/v2/location/308/"
        },
        {
            "name": "pokepark-09",
            "url": "http://localhost/api/v2/location/309/"
        },
        {
            "name": "pokepark-10",
            "url": "http://localhost/api/v2/location/310/"
        },
        {
            "name": "pokepark-11",
            "url": "http://localhost/api/v2/location/311/"
        },
        {
            "name": "pokepark-12",
            "url": "http://localhost/api/v2/location/312/"
        },
        {
            "name": "pokepark-13",
            "url": "http://localhost/api/v2/location/313/"
        },
        {
            "name": "pokepark-14",
            "url": "http://localhost/api/v2/location/314/"
        },
        {
            "name": "pokepark-15",
            "url": "http://localhost/api/v2/location/315/"
        },
        {
            "name": "pokepark-16",
            "url": "http://localhost/api/v2/location/316/"
        },
        {
            "name": "pokemon-center",
            "url": "http://localhost/api/v2/location/317/"
        },
        {
            "name": "pc-tokyo",
            "url": "http://localhost/api/v2/location/318/"
        },
        {
            "name": "pc-osaka",
            "url": "http://localhost/api/v2/location/319/"
        },
        {
            "name": "pc-fukuoka",
            "url": "http://localhost/api/v2/location/320/"
        },
        {
            "name": "pc-nagoya",
            "url": "http://localhost/api/v2/location/321/"
        },
        {
            "name": "pc-sapporo",
            "url": "http://localhost/api/v2/location/322/"
        },
        {
            "name": "pc-yokohama",
            "url": "http://localhost/api/v2/location/323/"
        },
        {
            "name": "nintendo-world",
            "url": "http://localhost/api/v2/location/324/"
        },
        {
            "name": "pokemon-event",
            "url": "http://localhost/api/v2/location/325/"
        },
        {
            "name": "pokemon-event-06",
            "url": "http://localhost/api/v2/location/326/"
        },
        {
            "name": "pokemon-event-07",
            "url": "http://localhost/api/v2/location/327/"
        },
        {
            "name": "pokemon-event-08",
            "url": "http://localhost/api/v2/location/328/"
        },
        {
            "name": "pokemon-event-09",
            "url": "http://localhost/api/v2/location/329/"
        },
        {
            "name": "pokemon-event-10",
            "url": "http://localhost/api/v2/location/330/"
        },
        {
            "name": "pokemon-event-11",
            "url": "http://localhost/api/v2/location/331/"
        },
        {
            "name": "pokemon-event-12",
            "url": "http://localhost/api/v2/location/332/"
        },
        {
            "name": "pokemon-event-13",
            "url": "http://localhost/api/v2/location/333/"
        },
        {
            "name": "pokemon-event-14",
            "url": "http://localhost/api/v2/location/334/"
        },
        {
            "name": "pokemon-event-15",
            "url": "http://localhost/api/v2/location/335/"
        },
        {
            "name": "pokemon-event-16",
            "url": "http://localhost/api/v2/location/336/"
        },
        {
            "name": "wi-fi-event",
            "url": "http://localhost/api/v2/location/337/"
        },
        {
            "name": "wi-fi-gift",
            "url": "http://localhost/api/v2/location/338/"
        },
        {
            "name": "pokemon-fan-club",
            "url": "http://localhost/api/v2/location/339/"
        },
        {
            "name": "event-site",
            "url": "http://localhost/api/v2/location/340/"
        },
        {
            "name": "concert-event",
            "url": "http://localhost/api/v2/location/341/"
        },
        {
            "name": "mr-pokemon",
            "url": "http://localhost/api/v2/location/342/"
        },
        {
            "name": "primo",
            "url": "http://localhost/api/v2/location/343/"
        },
        {
            "name": "unova-mystery-zone",
            "url": "http://localhost/api/v2/location/344/"
        },
        {
            "name": "unova-faraway-place",
            "url": "http://localhost/api/v2/location/345/"
        },
        {
            "name": "nuvema-town",
            "url": "http://localhost/api/v2/location/346/"
        },
        {
            "name": "accumula-town",
            "url": "http://localhost/api/v2/location/347/"
        },
        {
            "name": "striaton-city",
            "url": "http://localhost/api/v2/location/348/"
        },
        {
            "name": "nacrene-city",
            "url": "http://localhost/api/v2/location/349/"
        },
        {
            "name": "castelia-city",
            "url": "http://localhost/api/v2/location/350/"
        },
        {
            "name": "nimbasa-city",
            "url": "http://localhost/api/v2/location/351/"
        },
        {
            "name": "driftveil-city",
            "url": "http://localhost/api/v2/location/352/"
        },
        {
            "name": "mistralton-city",
            "url": "http://localhost/api/v2/location/353/"
        },
        {
            "name": "icirrus-city",
            "url": "http://localhost/api/v2/location/354/"
        },
        {
            "name": "opelucid-city",
            "url": "http://localhost/api/v2/location/355/"
        },
        {
            "name": "unova-route-1",
            "url": "http://localhost/api/v2/location/356/"
        },
        {
            "name": "unova-route-2",
            "url": "http://localhost/api/v2/location/357/"
        },
        {
            "name": "unova-route-3",
            "url": "http://localhost/api/v2/location/358/"
        },
        {
            "name": "unova-route-4",
            "url": "http://localhost/api/v2/location/359/"
        },
        {
            "name": "unova-route-5",
            "url": "http://localhost/api/v2/location/360/"
        },
        {
            "name": "unova-route-6",
            "url": "http://localhost/api/v2/location/361/"
        },
        {
            "name": "unova-route-7",
            "url": "http://localhost/api/v2/location/362/"
        },
        {
            "name": "unova-route-8",
            "url": "http://localhost/api/v2/location/363/"
        },
        {
            "name": "unova-route-9",
            "url": "http://localhost/api/v2/location/364/"
        },
        {
            "name": "unova-route-10",
            "url": "http://localhost/api/v2/location/365/"
        },
        {
            "name": "unova-route-11",
            "url": "http://localhost/api/v2/location/366/"
        },
        {
            "name": "unova-route-12",
            "url": "http://localhost/api/v2/location/367/"
        },
        {
            "name": "unova-route-13",
            "url": "http://localhost/api/v2/location/368/"
        },
        {
            "name": "unova-route-14",
            "url": "http://localhost/api/v2/location/369/"
        },
        {
            "name": "unova-route-15",
            "url": "http://localhost/api/v2/location/370/"
        },
        {
            "name": "unova-route-16",
            "url": "http://localhost/api/v2/location/371/"
        },
        {
            "name": "unova-route-17",
            "url": "http://localhost/api/v2/location/372/"
        },
        {
            "name": "unova-route-18",
            "url": "http://localhost/api/v2/location/373/"
        },
        {
            "name": "dreamyard",
            "url": "http://localhost/api/v2/location/374/"
        },
        {
            "name": "pinwheel-forest",
            "url": "http://localhost/api/v2/location/375/"
        },
        {
            "name": "desert-resort",
            "url": "http://localhost/api/v2/location/376/"
        },
        {
            "name": "relic-castle",
            "url": "http://localhost/api/v2/location/377/"
        },
        {
            "name": "cold-storage",
            "url": "http://localhost/api/v2/location/378/"
        },
        {
            "name": "chargestone-cave",
            "url": "http://localhost/api/v2/location/379/"
        },
        {
            "name": "twist-mountain",
            "url": "http://localhost/api/v2/location/380/"
        },
        {
            "name": "dragonspiral-tower",
            "url": "http://localhost/api/v2/location/381/"
        },
        {
            "name": "unova-victory-road",
            "url": "http://localhost/api/v2/location/382/"
        },
        {
            "name": "lacunosa-town",
            "url": "http://localhost/api/v2/location/383/"
        },
        {
            "name": "undella-town",
            "url": "http://localhost/api/v2/location/384/"
        },
        {
            "name": "anville-town",
            "url": "http://localhost/api/v2/location/385/"
        },
        {
            "name": "unova-pokemon-league",
            "url": "http://localhost/api/v2/location/386/"
        },
        {
            "name": "ns-castle",
            "url": "http://localhost/api/v2/location/387/"
        },
        {
            "name": "royal-unova",
            "url": "http://localhost/api/v2/location/388/"
        },
        {
            "name": "gear-station",
            "url": "http://localhost/api/v2/location/389/"
        },
        {
            "name": "battle-subway",
            "url": "http://localhost/api/v2/location/390/"
        },
        {
            "name": "musical-theater",
            "url": "http://localhost/api/v2/location/391/"
        },
        {
            "name": "black-city",
            "url": "http://localhost/api/v2/location/392/"
        },
        {
            "name": "white-forest",
            "url": "http://localhost/api/v2/location/393/"
        },
        {
            "name": "unity-tower",
            "url": "http://localhost/api/v2/location/394/"
        },
        {
            "name": "wellspring-cave",
            "url": "http://localhost/api/v2/location/395/"
        },
        {
            "name": "mistralton-cave",
            "url": "http://localhost/api/v2/location/396/"
        },
        {
            "name": "rumination-field",
            "url": "http://localhost/api/v2/location/397/"
        },
        {
            "name": "celestial-tower",
            "url": "http://localhost/api/v2/location/398/"
        },
        {
            "name": "moor-of-icirrus",
            "url": "http://localhost/api/v2/location/399/"
        },
        {
            "name": "unova-shopping-mall",
            "url": "http://localhost/api/v2/location/400/"
        },
        {
            "name": "challengers-cave",
            "url": "http://localhost/api/v2/location/401/"
        },
        {
            "name": "poke-transfer-lab",
            "url": "http://localhost/api/v2/location/402/"
        },
        {
            "name": "giant-chasm",
            "url": "http://localhost/api/v2/location/403/"
        },
        {
            "name": "liberty-garden",
            "url": "http://localhost/api/v2/location/404/"
        },
        {
            "name": "p2-laboratory",
            "url": "http://localhost/api/v2/location/405/"
        },
        {
            "name": "skyarrow-bridge",
            "url": "http://localhost/api/v2/location/406/"
        },
        {
            "name": "driftveil-drawbridge",
            "url": "http://localhost/api/v2/location/407/"
        },
        {
            "name": "tubeline-bridge",
            "url": "http://localhost/api/v2/location/408/"
        },
        {
            "name": "village-bridge",
            "url": "http://localhost/api/v2/location/409/"
        },
        {
            "name": "marvelous-bridge",
            "url": "http://localhost/api/v2/location/410/"
        },
        {
            "name": "entralink",
            "url": "http://localhost/api/v2/location/411/"
        },
        {
            "name": "abundant-shrine",
            "url": "http://localhost/api/v2/location/412/"
        },
        {
            "name": "undella-bay",
            "url": "http://localhost/api/v2/location/413/"
        },
        {
            "name": "lostlorn-forest",
            "url": "http://localhost/api/v2/location/414/"
        },
        {
            "name": "trial-chamber",
            "url": "http://localhost/api/v2/location/415/"
        },
        {
            "name": "guidance-chamber",
            "url": "http://localhost/api/v2/location/416/"
        },
        {
            "name": "entree-forest",
            "url": "http://localhost/api/v2/location/417/"
        },
        {
            "name": "accumula-gate",
            "url": "http://localhost/api/v2/location/418/"
        },
        {
            "name": "undella-gate",
            "url": "http://localhost/api/v2/location/419/"
        },
        {
            "name": "nacrene-gate",
            "url": "http://localhost/api/v2/location/420/"
        },
        {
            "name": "castelia-gate",
            "url": "http://localhost/api/v2/location/421/"
        },
        {
            "name": "nimbasa-gate",
            "url": "http://localhost/api/v2/location/422/"
        },
        {
            "name": "opelucid-gate",
            "url": "http://localhost/api/v2/location/423/"
        },
        {
            "name": "black-gate",
            "url": "http://localhost/api/v2/location/424/"
        },
        {
            "name": "white-gate",
            "url": "http://localhost/api/v2/location/425/"
        },
        {
            "name": "bridge-gate",
            "url": "http://localhost/api/v2/location/426/"
        },
        {
            "name": "route-gate",
            "url": "http://localhost/api/v2/location/427/"
        },
        {
            "name": "abyssal-ruins",
            "url": "http://localhost/api/v2/location/428/"
        },
        {
            "name": "petalburg-city",
            "url": "http://localhost/api/v2/location/429/"
        },
        {
            "name": "slateport-city",
            "url": "http://localhost/api/v2/location/430/"
        },
        {
            "name": "lilycove-city",
            "url": "http://localhost/api/v2/location/431/"
        },
        {
            "name": "mossdeep-city",
            "url": "http://localhost/api/v2/location/432/"
        },
        {
            "name": "sootopolis-city",
            "url": "http://localhost/api/v2/location/433/"
        },
        {
            "name": "ever-grande-city",
            "url": "http://localhost/api/v2/location/434/"
        },
        {
            "name": "meteor-falls",
            "url": "http://localhost/api/v2/location/435/"
        },
        {
            "name": "rusturf-tunnel",
            "url": "http://localhost/api/v2/location/436/"
        },
        {
            "name": "granite-cave",
            "url": "http://localhost/api/v2/location/437/"
        },
        {
            "name": "petalburg-woods",
            "url": "http://localhost/api/v2/location/438/"
        },
        {
            "name": "jagged-pass",
            "url": "http://localhost/api/v2/location/439/"
        },
        {
            "name": "fiery-path",
            "url": "http://localhost/api/v2/location/440/"
        },
        {
            "name": "mt-pyre",
            "url": "http://localhost/api/v2/location/441/"
        },
        {
            "name": "seafloor-cavern",
            "url": "http://localhost/api/v2/location/442/"
        },
        {
            "name": "cave-of-origin",
            "url": "http://localhost/api/v2/location/443/"
        },
        {
            "name": "hoenn-victory-road",
            "url": "http://localhost/api/v2/location/444/"
        },
        {
            "name": "shoal-cave",
            "url": "http://localhost/api/v2/location/445/"
        },
        {
            "name": "new-mauville",
            "url": "http://localhost/api/v2/location/446/"
        },
        {
            "name": "abandoned-ship",
            "url": "http://localhost/api/v2/location/447/"
        },
        {
            "name": "sky-pillar",
            "url": "http://localhost/api/v2/location/448/"
        },
        {
            "name": "hoenn-route-101",
            "url": "http://localhost/api/v2/location/449/"
        },
        {
            "name": "hoenn-route-102",
            "url": "http://localhost/api/v2/location/450/"
        },
        {
            "name": "hoenn-route-103",
            "url": "http://localhost/api/v2/location/451/"
        },
        {
            "name": "hoenn-route-104",
            "url": "http://localhost/api/v2/location/452/"
        },
        {
            "name": "hoenn-route-105",
            "url": "http://localhost/api/v2/location/453/"
        },
        {
            "name": "hoenn-route-106",
            "url": "http://localhost/api/v2/location/454/"
        },
        {
            "name": "hoenn-route-107",
            "url": "http://localhost/api/v2/location/455/"
        },
        {
            "name": "hoenn-route-108",
            "url": "http://localhost/api/v2/location/456/"
        },
        {
            "name": "hoenn-route-109",
            "url": "http://localhost/api/v2/location/457/"
        },
        {
            "name": "hoenn-route-110",
            "url": "http://localhost/api/v2/location/458/"
        },
        {
            "name": "hoenn-route-111",
            "url": "http://localhost/api/v2/location/459/"
        },
        {
            "name": "hoenn-route-112",
            "url": "http://localhost/api/v2/location/460/"
        },
        {
            "name": "hoenn-route-113",
            "url": "http://localhost/api/v2/location/461/"
        },
        {
            "name": "hoenn-route-114",
            "url": "http://localhost/api/v2/location/462/"
        },
        {
            "name": "hoenn-route-115",
            "url": "http://localhost/api/v2/location/463/"
        },
        {
            "name": "hoenn-route-116",
            "url": "http://localhost/api/v2/location/464/"
        },
        {
            "name": "hoenn-route-117",
            "url": "http://localhost/api/v2/location/465/"
        },
        {
            "name": "hoenn-route-118",
            "url": "http://localhost/api/v2/location/466/"
        },
        {
            "name": "hoenn-route-119",
            "url": "http://localhost/api/v2/location/467/"
        },
        {
            "name": "hoenn-route-120",
            "url": "http://localhost/api/v2/location/468/"
        },
        {
            "name": "hoenn-route-121",
            "url": "http://localhost/api/v2/location/469/"
        },
        {
            "name": "hoenn-route-122",
            "url": "http://localhost/api/v2/location/470/"
        },
        {
            "name": "hoenn-route-123",
            "url": "http://localhost/api/v2/location/471/"
        },
        {
            "name": "hoenn-route-124",
            "url": "http://localhost/api/v2/location/472/"
        },
        {
            "name": "hoenn-route-125",
            "url": "http://localhost/api/v2/location/473/"
        },
        {
            "name": "hoenn-route-126",
            "url": "http://localhost/api/v2/location/474/"
        },
        {
            "name": "hoenn-route-127",
            "url": "http://localhost/api/v2/location/475/"
        },
        {
            "name": "hoenn-route-128",
            "url": "http://localhost/api/v2/location/476/"
        },
        {
            "name": "hoenn-route-129",
            "url": "http://localhost/api/v2/location/477/"
        },
        {
            "name": "hoenn-route-130",
            "url": "http://localhost/api/v2/location/478/"
        },
        {
            "name": "hoenn-route-131",
            "url": "http://localhost/api/v2/location/479/"
        },
        {
            "name": "hoenn-route-132",
            "url": "http://localhost/api/v2/location/480/"
        },
        {
            "name": "hoenn-route-133",
            "url": "http://localhost/api/v2/location/481/"
        },
        {
            "name": "hoenn-route-134",
            "url": "http://localhost/api/v2/location/482/"
        },
        {
            "name": "hoenn-safari-zone",
            "url": "http://localhost/api/v2/location/483/"
        },
        {
            "name": "dewford-town",
            "url": "http://localhost/api/v2/location/484/"
        },
        {
            "name": "pacifidlog-town",
            "url": "http://localhost/api/v2/location/485/"
        },
        {
            "name": "magma-hideout",
            "url": "http://localhost/api/v2/location/486/"
        },
        {
            "name": "mirage-tower",
            "url": "http://localhost/api/v2/location/487/"
        },
        {
            "name": "desert-underpass",
            "url": "http://localhost/api/v2/location/488/"
        },
        {
            "name": "artisan-cave",
            "url": "http://localhost/api/v2/location/489/"
        },
        {
            "name": "hoenn-altering-cave",
            "url": "http://localhost/api/v2/location/490/"
        },
        {
            "name": "monean-chamber",
            "url": "http://localhost/api/v2/location/491/"
        },
        {
            "name": "liptoo-chamber",
            "url": "http://localhost/api/v2/location/492/"
        },
        {
            "name": "weepth-chamber",
            "url": "http://localhost/api/v2/location/493/"
        },
        {
            "name": "dilford-chamber",
            "url": "http://localhost/api/v2/location/494/"
        },
        {
            "name": "scufib-chamber",
            "url": "http://localhost/api/v2/location/495/"
        },
        {
            "name": "rixy-chamber",
            "url": "http://localhost/api/v2/location/496/"
        },
        {
            "name": "viapos-chamber",
            "url": "http://localhost/api/v2/location/497/"
        },
        {
            "name": "ss-anne",
            "url": "http://localhost/api/v2/location/498/"
        },
        {
            "name": "mt-ember",
            "url": "http://localhost/api/v2/location/500/"
        },
        {
            "name": "berry-forest",
            "url": "http://localhost/api/v2/location/501/"
        },
        {
            "name": "icefall-cave",
            "url": "http://localhost/api/v2/location/502/"
        },
        {
            "name": "pattern-bush",
            "url": "http://localhost/api/v2/location/503/"
        },
        {
            "name": "lost-cave",
            "url": "http://localhost/api/v2/location/504/"
        },
        {
            "name": "kindle-road",
            "url": "http://localhost/api/v2/location/505/"
        },
        {
            "name": "treasure-beach",
            "url": "http://localhost/api/v2/location/506/"
        },
        {
            "name": "cape-brink",
            "url": "http://localhost/api/v2/location/507/"
        },
        {
            "name": "bond-bridge",
            "url": "http://localhost/api/v2/location/508/"
        },
        {
            "name": "three-isle-port",
            "url": "http://localhost/api/v2/location/509/"
        },
        {
            "name": "resort-gorgeous",
            "url": "http://localhost/api/v2/location/510/"
        },
        {
            "name": "water-labyrinth",
            "url": "http://localhost/api/v2/location/511/"
        },
        {
            "name": "five-isle-meadow",
            "url": "http://localhost/api/v2/location/512/"
        },
        {
            "name": "memorial-pillar",
            "url": "http://localhost/api/v2/location/513/"
        },
        {
            "name": "outcast-island",
            "url": "http://localhost/api/v2/location/514/"
        },
        {
            "name": "green-path",
            "url": "http://localhost/api/v2/location/515/"
        },
        {
            "name": "water-path",
            "url": "http://localhost/api/v2/location/516/"
        },
        {
            "name": "ruin-valley",
            "url": "http://localhost/api/v2/location/517/"
        },
        {
            "name": "trainer-tower",
            "url": "http://localhost/api/v2/location/518/"
        },
        {
            "name": "canyon-entrance",
            "url": "http://localhost/api/v2/location/519/"
        },
        {
            "name": "sevault-canyon",
            "url": "http://localhost/api/v2/location/520/"
        },
        {
            "name": "tanoby-ruins",
            "url": "http://localhost/api/v2/location/521/"
        },
        {
            "name": "one-island",
            "url": "http://localhost/api/v2/location/526/"
        },
        {
            "name": "four-island",
            "url": "http://localhost/api/v2/location/527/"
        },
        {
            "name": "five-island",
            "url": "http://localhost/api/v2/location/528/"
        },
        {
            "name": "kanto-altering-cave",
            "url": "http://localhost/api/v2/location/529/"
        },
        {
            "name": "aspertia-city",
            "url": "http://localhost/api/v2/location/531/"
        },
        {
            "name": "virbank-city",
            "url": "http://localhost/api/v2/location/532/"
        },
        {
            "name": "humilau-city",
            "url": "http://localhost/api/v2/location/533/"
        },
        {
            "name": "pokestar-studios",
            "url": "http://localhost/api/v2/location/534/"
        },
        {
            "name": "join-avenue",
            "url": "http://localhost/api/v2/location/535/"
        },
        {
            "name": "floccesy-town",
            "url": "http://localhost/api/v2/location/536/"
        },
        {
            "name": "lentimas-town",
            "url": "http://localhost/api/v2/location/537/"
        },
        {
            "name": "route-19",
            "url": "http://localhost/api/v2/location/538/"
        },
        {
            "name": "route-20",
            "url": "http://localhost/api/v2/location/539/"
        },
        {
            "name": "route-21",
            "url": "http://localhost/api/v2/location/540/"
        },
        {
            "name": "route-22",
            "url": "http://localhost/api/v2/location/541/"
        },
        {
            "name": "route-23",
            "url": "http://localhost/api/v2/location/542/"
        },
        {
            "name": "castelia-sewers",
            "url": "http://localhost/api/v2/location/543/"
        },
        {
            "name": "floccesy-ranch",
            "url": "http://localhost/api/v2/location/544/"
        },
        {
            "name": "virbank-complex",
            "url": "http://localhost/api/v2/location/545/"
        },
        {
            "name": "reversal-mountain",
            "url": "http://localhost/api/v2/location/546/"
        },
        {
            "name": "strange-house",
            "url": "http://localhost/api/v2/location/547/"
        },
        {
            "name": "unova-victory-road-2",
            "url": "http://localhost/api/v2/location/548/"
        },
        {
            "name": "plasma-frigate",
            "url": "http://localhost/api/v2/location/549/"
        },
        {
            "name": "relic-passage",
            "url": "http://localhost/api/v2/location/550/"
        },
        {
            "name": "clay-tunnel",
            "url": "http://localhost/api/v2/location/551/"
        },
        {
            "name": "white-treehollow",
            "url": "http://localhost/api/v2/location/552/"
        },
        {
            "name": "black-tower",
            "url": "http://localhost/api/v2/location/553/"
        },
        {
            "name": "seaside-cave",
            "url": "http://localhost/api/v2/location/554/"
        },
        {
            "name": "cave-of-being",
            "url": "http://localhost/api/v2/location/555/"
        },
        {
            "name": "hidden-grotto",
            "url": "http://localhost/api/v2/location/556/"
        },
        {
            "name": "marine-tube",
            "url": "http://localhost/api/v2/location/557/"
        },
        {
            "name": "virbank-gate",
            "url": "http://localhost/api/v2/location/558/"
        },
        {
            "name": "aspertia-gate",
            "url": "http://localhost/api/v2/location/559/"
        },
        {
            "name": "nature-sanctuary",
            "url": "http://localhost/api/v2/location/560/"
        },
        {
            "name": "medal-secretariat",
            "url": "http://localhost/api/v2/location/561/"
        },
        {
            "name": "underground-ruins",
            "url": "http://localhost/api/v2/location/562/"
        },
        {
            "name": "rocky-mountain-room",
            "url": "http://localhost/api/v2/location/563/"
        },
        {
            "name": "glacier-room",
            "url": "http://localhost/api/v2/location/564/"
        },
        {
            "name": "iron-room",
            "url": "http://localhost/api/v2/location/565/"
        },
        {
            "name": "pledge-grove",
            "url": "http://localhost/api/v2/location/566/"
        },
        {
            "name": "littleroot-town",
            "url": "http://localhost/api/v2/location/567/"
        },
        {
            "name": "oldale-town",
            "url": "http://localhost/api/v2/location/568/"
        },
        {
            "name": "lavaridge-town",
            "url": "http://localhost/api/v2/location/569/"
        },
        {
            "name": "fallarbor-town",
            "url": "http://localhost/api/v2/location/570/"
        },
        {
            "name": "verdanturf-town",
            "url": "http://localhost/api/v2/location/571/"
        },
        {
            "name": "mauville-city",
            "url": "http://localhost/api/v2/location/572/"
        },
        {
            "name": "rustboro-city",
            "url": "http://localhost/api/v2/location/573/"
        },
        {
            "name": "fortree-city",
            "url": "http://localhost/api/v2/location/574/"
        },
        {
            "name": "underwater",
            "url": "http://localhost/api/v2/location/575/"
        },
        {
            "name": "mt-chimney",
            "url": "http://localhost/api/v2/location/576/"
        },
        {
            "name": "mirage-island",
            "url": "http://localhost/api/v2/location/577/"
        },
        {
            "name": "southern-island",
            "url": "http://localhost/api/v2/location/578/"
        },
        {
            "name": "sealed-chamber",
            "url": "http://localhost/api/v2/location/579/"
        },
        {
            "name": "scorched-slab",
            "url": "http://localhost/api/v2/location/580/"
        },
        {
            "name": "island-cave",
            "url": "http://localhost/api/v2/location/581/"
        },
        {
            "name": "desert-ruins",
            "url": "http://localhost/api/v2/location/582/"
        },
        {
            "name": "ancient-tomb",
            "url": "http://localhost/api/v2/location/583/"
        },
        {
            "name": "inside-of-truck",
            "url": "http://localhost/api/v2/location/584/"
        },
        {
            "name": "secret-base",
            "url": "http://localhost/api/v2/location/585/"
        },
        {
            "name": "hoenn-battle-tower",
            "url": "http://localhost/api/v2/location/586/"
        },
        {
            "name": "vaniville-town",
            "url": "http://localhost/api/v2/location/587/"
        },
        {
            "name": "kalos-route-1",
            "url": "http://localhost/api/v2/location/588/"
        },
        {
            "name": "vaniville-pathway",
            "url": "http://localhost/api/v2/location/589/"
        },
        {
            "name": "aquacorde-town",
            "url": "http://localhost/api/v2/location/590/"
        },
        {
            "name": "kalos-route-2",
            "url": "http://localhost/api/v2/location/591/"
        },
        {
            "name": "avance-trail",
            "url": "http://localhost/api/v2/location/592/"
        },
        {
            "name": "santalune-forest",
            "url": "http://localhost/api/v2/location/593/"
        },
        {
            "name": "kalos-route-3",
            "url": "http://localhost/api/v2/location/594/"
        },
        {
            "name": "ouvert-way",
            "url": "http://localhost/api/v2/location/595/"
        },
        {
            "name": "santalune-city",
            "url": "http://localhost/api/v2/location/596/"
        },
        {
            "name": "kalos-route-4",
            "url": "http://localhost/api/v2/location/597/"
        },
        {
            "name": "parterre-way",
            "url": "http://localhost/api/v2/location/598/"
        },
        {
            "name": "lumiose-city",
            "url": "http://localhost/api/v2/location/599/"
        },
        {
            "name": "prism-tower",
            "url": "http://localhost/api/v2/location/600/"
        },
        {
            "name": "lysandre-labs",
            "url": "http://localhost/api/v2/location/601/"
        },
        {
            "name": "kalos-route-5",
            "url": "http://localhost/api/v2/location/602/"
        },
        {
            "name": "versant-road",
            "url": "http://localhost/api/v2/location/603/"
        },
        {
            "name": "camphrier-town",
            "url": "http://localhost/api/v2/location/604/"
        },
        {
            "name": "shabboneau-castle",
            "url": "http://localhost/api/v2/location/605/"
        },
        {
            "name": "kalos-route-6",
            "url": "http://localhost/api/v2/location/606/"
        },
        {
            "name": "palais-lane",
            "url": "http://localhost/api/v2/location/607/"
        },
        {
            "name": "parfum-palace",
            "url": "http://localhost/api/v2/location/608/"
        },
        {
            "name": "kalos-route-7",
            "url": "http://localhost/api/v2/location/609/"
        },
        {
            "name": "rivi\u00e8re-walk",
            "url": "http://localhost/api/v2/location/610/"
        },
        {
            "name": "cyllage-city",
            "url": "http://localhost/api/v2/location/611/"
        },
        {
            "name": "kalos-route-8",
            "url": "http://localhost/api/v2/location/612/"
        },
        {
            "name": "muraille-coast",
            "url": "http://localhost/api/v2/location/613/"
        },
        {
            "name": "ambrette-town",
            "url": "http://localhost/api/v2/location/614/"
        },
        {
            "name": "kalos-route-9",
            "url": "http://localhost/api/v2/location/615/"
        },
        {
            "name": "spikes-passage",
            "url": "http://localhost/api/v2/location/616/"
        },
        {
            "name": "battle-chateau",
            "url": "http://localhost/api/v2/location/617/"
        },
        {
            "name": "kalos-route-10",
            "url": "http://localhost/api/v2/location/618/"
        },
        {
            "name": "menhir-trail",
            "url": "http://localhost/api/v2/location/619/"
        },
        {
            "name": "geosenge-town",
            "url": "http://localhost/api/v2/location/620/"
        },
        {
            "name": "kalos-route-11",
            "url": "http://localhost/api/v2/location/621/"
        },
        {
            "name": "miroir-way",
            "url": "http://localhost/api/v2/location/622/"
        },
        {
            "name": "reflection-cave",
            "url": "http://localhost/api/v2/location/623/"
        },
        {
            "name": "shalour-city",
            "url": "http://localhost/api/v2/location/624/"
        },
        {
            "name": "tower-of-mastery",
            "url": "http://localhost/api/v2/location/625/"
        },
        {
            "name": "kalos-route-12",
            "url": "http://localhost/api/v2/location/626/"
        },
        {
            "name": "fourrage-road",
            "url": "http://localhost/api/v2/location/627/"
        },
        {
            "name": "coumarine-city",
            "url": "http://localhost/api/v2/location/628/"
        },
        {
            "name": "kalos-route-13",
            "url": "http://localhost/api/v2/location/629/"
        },
        {
            "name": "lumiose-badlands",
            "url": "http://localhost/api/v2/location/630/"
        },
        {
            "name": "kalos-route-14",
            "url": "http://localhost/api/v2/location/631/"
        },
        {
            "name": "laverre-nature-trail",
            "url": "http://localhost/api/v2/location/632/"
        },
        {
            "name": "laverre-city",
            "url": "http://localhost/api/v2/location/633/"
        },
        {
            "name": "poke-ball-factory",
            "url": "http://localhost/api/v2/location/634/"
        },
        {
            "name": "kalos-route-15",
            "url": "http://localhost/api/v2/location/635/"
        },
        {
            "name": "brun-way",
            "url": "http://localhost/api/v2/location/636/"
        },
        {
            "name": "dendemille-town",
            "url": "http://localhost/api/v2/location/637/"
        },
        {
            "name": "kalos-route-16",
            "url": "http://localhost/api/v2/location/638/"
        },
        {
            "name": "melancolie-path",
            "url": "http://localhost/api/v2/location/639/"
        },
        {
            "name": "frost-cavern",
            "url": "http://localhost/api/v2/location/640/"
        },
        {
            "name": "kalos-route-17",
            "url": "http://localhost/api/v2/location/641/"
        },
        {
            "name": "mamoswine-road",
            "url": "http://localhost/api/v2/location/642/"
        },
        {
            "name": "anistar-city",
            "url": "http://localhost/api/v2/location/643/"
        },
        {
            "name": "kalos-route-18",
            "url": "http://localhost/api/v2/location/644/"
        },
        {
            "name": "vallee-etroite-way",
            "url": "http://localhost/api/v2/location/645/"
        },
        {
            "name": "couriway-town",
            "url": "http://localhost/api/v2/location/646/"
        },
        {
            "name": "kalos-route-19",
            "url": "http://localhost/api/v2/location/647/"
        },
        {
            "name": "grande-vallee-way",
            "url": "http://localhost/api/v2/location/648/"
        },
        {
            "name": "snowbelle-city",
            "url": "http://localhost/api/v2/location/649/"
        },
        {
            "name": "kalos-route-20",
            "url": "http://localhost/api/v2/location/650/"
        },
        {
            "name": "winding-woods",
            "url": "http://localhost/api/v2/location/651/"
        },
        {
            "name": "pokemon-village",
            "url": "http://localhost/api/v2/location/652/"
        },
        {
            "name": "kalos-route-21",
            "url": "http://localhost/api/v2/location/653/"
        },
        {
            "name": "derni\u00e8re-way",
            "url": "http://localhost/api/v2/location/654/"
        },
        {
            "name": "kalos-route-22",
            "url": "http://localhost/api/v2/location/655/"
        },
        {
            "name": "detourner-way",
            "url": "http://localhost/api/v2/location/656/"
        },
        {
            "name": "victory-road",
            "url": "http://localhost/api/v2/location/657/"
        },
        {
            "name": "pokemon-league",
            "url": "http://localhost/api/v2/location/658/"
        },
        {
            "name": "kiloude-city",
            "url": "http://localhost/api/v2/location/659/"
        },
        {
            "name": "battle-maison",
            "url": "http://localhost/api/v2/location/660/"
        },
        {
            "name": "azure-bay",
            "url": "http://localhost/api/v2/location/661/"
        },
        {
            "name": "dendemille-gate",
            "url": "http://localhost/api/v2/location/662/"
        },
        {
            "name": "couriway-gate",
            "url": "http://localhost/api/v2/location/663/"
        },
        {
            "name": "ambrette-gate",
            "url": "http://localhost/api/v2/location/664/"
        },
        {
            "name": "lumiose-gate",
            "url": "http://localhost/api/v2/location/665/"
        },
        {
            "name": "shalour-gate",
            "url": "http://localhost/api/v2/location/666/"
        },
        {
            "name": "coumarine-gate",
            "url": "http://localhost/api/v2/location/667/"
        },
        {
            "name": "laverre-gate",
            "url": "http://localhost/api/v2/location/668/"
        },
        {
            "name": "anistar-gate",
            "url": "http://localhost/api/v2/location/669/"
        },
        {
            "name": "snowbelle-gate",
            "url": "http://localhost/api/v2/location/670/"
        },
        {
            "name": "glittering-cave",
            "url": "http://localhost/api/v2/location/671/"
        },
        {
            "name": "connecting-cave",
            "url": "http://localhost/api/v2/location/672/"
        },
        {
            "name": "zubat-roost",
            "url": "http://localhost/api/v2/location/673/"
        },
        {
            "name": "kalos-power-plant",
            "url": "http://localhost/api/v2/location/674/"
        },
        {
            "name": "team-flare-secret-hq",
            "url": "http://localhost/api/v2/location/675/"
        },
        {
            "name": "terminus-cave",
            "url": "http://localhost/api/v2/location/676/"
        },
        {
            "name": "lost-hotel",
            "url": "http://localhost/api/v2/location/677/"
        },
        {
            "name": "chamber-of-emptiness",
            "url": "http://localhost/api/v2/location/678/"
        },
        {
            "name": "sea-spirits-den",
            "url": "http://localhost/api/v2/location/679/"
        },
        {
            "name": "friend-safari",
            "url": "http://localhost/api/v2/location/680/"
        },
        {
            "name": "blazing-chamber",
            "url": "http://localhost/api/v2/location/681/"
        },
        {
            "name": "flood-chamber",
            "url": "http://localhost/api/v2/location/682/"
        },
        {
            "name": "ironworks-chamber",
            "url": "http://localhost/api/v2/location/683/"
        },
        {
            "name": "dragonmark-chamber",
            "url": "http://localhost/api/v2/location/684/"
        },
        {
            "name": "radiant-chamber",
            "url": "http://localhost/api/v2/location/685/"
        },
        {
            "name": "pokemon-league-gate",
            "url": "http://localhost/api/v2/location/686/"
        },
        {
            "name": "lumiose-station",
            "url": "http://localhost/api/v2/location/687/"
        },
        {
            "name": "kiloude-station",
            "url": "http://localhost/api/v2/location/688/"
        },
        {
            "name": "ambrette-aquarium",
            "url": "http://localhost/api/v2/location/689/"
        },
        {
            "name": "unknown-dungeon",
            "url": "http://localhost/api/v2/location/690/"
        }
    ]
}
